CustomerID,Name,total_spent
445,Customer_445,125234.16
169,Customer_169,123035.06
497,Customer_497,116785.49999999999
155,Customer_155,116035.01999999999
233,Customer_233,110580.29000000001
161,Customer_161,108443.91000000002
295,Customer_295,107748.18000000001
397,Customer_397,106813.63999999998
373,Customer_373,104262.83
244,Customer_244,102846.56999999999
