Category,Revenue
Groceries,7681636.999999987
Furniture,6096667.410000006
Clothing,5529116.410000007
